Driver,LapNumber,TyreAge,LapDelta,Compound_Num,TrackTemp,Rainfall,SafetyCar,PitNextLap
ALB,1.0,1,0.0,0,31.1,0,0,0
BOT,1.0,1,0.0,0,31.1,0,0,0
DEV,1.0,1,0.0,0,31.1,0,0,0
VER,1.0,1,0.0,0,31.1,0,0,0
GAS,1.0,1,0.0,0,31.1,0,0,0
HAM,1.0,1,0.0,0,31.1,0,0,0
TSU,1.0,1,0.0,0,31.1,0,0,0
HUL,1.0,1,0.0,0,31.1,0,0,0
ZHO,1.0,1,0.0,0,31.1,0,0,0
STR,1.0,1,0.0,0,31.1,0,0,0
MAG,1.0,1,0.0,2,31.1,0,0,0
NOR,1.0,1,0.0,0,31.1,0,0,0
SAR,1.0,1,0.0,0,31.1,0,0,0
OCO,1.0,1,0.0,0,31.1,0,0,0
PER,1.0,1,0.0,0,31.1,0,0,0
PIA,1.0,1,0.0,0,31.1,0,0,0
RUS,1.0,1,0.0,0,31.1,0,0,0
LEC,1.0,1,0.0,0,31.1,0,0,0
ALO,1.0,1,0.0,0,31.1,0,0,0
SAI,1.0,1,0.0,0,31.1,0,0,0
VER,2.0,2,-1.045,0,31.1,0,0,0
LEC,2.0,2,-1.48,0,31.1,0,0,0
PER,2.0,2,-2.201,0,31.1,0,0,0
SAI,2.0,2,-2.726,0,31.1,0,0,0
HAM,2.0,2,-3.122,0,31.1,0,0,0
RUS,2.0,2,-3.072,0,31.1,0,0,0
ALO,2.0,2,-3.816,0,31.1,0,0,0
BOT,2.0,2,-4.198,0,31.1,0,0,0
STR,2.0,2,-4.778,0,31.1,0,0,0
NOR,2.0,2,-4.931,0,31.0,0,0,0
OCO,2.0,2,-5.559,0,31.0,0,0,0
ALB,2.0,2,-6.023,0,31.0,0,0,0
SAR,2.0,2,-6.388,0,31.0,0,0,0
HUL,2.0,2,-6.619,0,31.0,0,0,0
TSU,2.0,2,-6.954,0,31.0,0,0,0
PIA,2.0,2,-7.384,0,31.0,0,0,0
ZHO,2.0,2,-7.376,0,31.0,0,0,0
MAG,2.0,2,-7.809,2,31.0,0,0,0
GAS,2.0,2,-9.211,0,31.0,0,0,0
DEV,2.0,2,-8.67,0,31.0,0,0,0
VER,3.0,3,0.032,0,30.9,0,0,0
LEC,3.0,3,-0.092,0,30.9,0,0,0
PER,3.0,3,-0.032,0,30.9,0,0,0
SAI,3.0,3,0.109,0,30.9,0,0,0
HAM,3.0,3,0.054,0,30.9,0,0,0
RUS,3.0,3,-0.497,0,30.9,0,0,0
ALO,3.0,3,-0.692,0,30.9,0,0,0
BOT,3.0,3,-0.559,0,30.9,0,0,0
STR,3.0,3,-0.267,0,30.9,0,0,0
NOR,3.0,3,-0.656,0,30.9,0,0,0
OCO,3.0,3,-0.46,0,30.9,0,0,0
ALB,3.0,3,-0.287,0,30.9,0,0,0
SAR,3.0,3,-0.118,0,30.9,0,0,0
HUL,3.0,3,-0.236,0,30.9,0,0,0
TSU,3.0,3,-0.594,0,30.9,0,0,0
PIA,3.0,3,-0.139,0,30.9,0,0,0
ZHO,3.0,3,-0.495,0,30.9,0,0,0
GAS,3.0,3,0.205,0,30.9,0,0,0
MAG,3.0,3,0.457,2,30.9,0,0,0
DEV,3.0,3,-0.375,0,30.9,0,0,0
VER,4.0,4,-0.03,0,30.9,0,0,0
LEC,4.0,4,0.167,0,30.9,0,0,0
PER,4.0,4,-0.072,0,30.9,0,0,0
SAI,4.0,4,-0.057,0,30.9,0,0,0
HAM,4.0,4,-0.022,0,30.9,0,0,0
RUS,4.0,4,0.168,0,30.9,0,0,0
ALO,4.0,4,0.448,0,30.9,0,0,0
BOT,4.0,4,0.426,0,30.9,0,0,0
STR,4.0,4,0.12,0,30.9,0,0,0
NOR,4.0,4,2.49,0,30.9,0,0,0
OCO,4.0,4,-0.405,0,30.9,0,0,0
ALB,4.0,4,-0.382,0,30.9,0,0,0
SAR,4.0,4,0.295,0,30.9,0,0,0
HUL,4.0,4,0.52,0,30.9,0,0,0
TSU,4.0,4,-0.293,0,30.9,0,0,0
PIA,4.0,4,0.027,0,30.9,0,0,0
ZHO,4.0,4,0.257,0,30.9,0,0,0
GAS,4.0,4,0.251,0,30.9,0,0,0
DEV,4.0,4,-0.541,0,30.9,0,0,0
MAG,4.0,4,-1.205,2,30.9,0,0,0
VER,5.0,5,0.059,0,30.8,0,0,0
LEC,5.0,5,-0.161,0,30.8,0,0,0
PER,5.0,5,-0.354,0,30.8,0,0,0
SAI,5.0,5,0.143,0,30.8,0,0,0
HAM,5.0,5,0.137,0,30.8,0,0,0
RUS,5.0,5,0.288,0,30.8,0,0,0
ALO,5.0,5,0.114,0,30.8,0,0,0
BOT,5.0,5,1.21,0,30.8,0,0,0
STR,5.0,5,-0.601,0,30.8,0,0,0
OCO,5.0,5,0.738,0,30.6,0,0,0
ALB,5.0,5,0.845,0,30.6,0,0,0
NOR,5.0,5,-1.603,0,30.6,0,0,0
SAR,5.0,5,0.258,0,30.6,0,0,0
TSU,5.0,5,1.181,0,30.6,0,0,0
HUL,5.0,5,-0.002,0,30.6,0,0,0
PIA,5.0,5,0.144,0,30.6,0,0,0
ZHO,5.0,5,-0.039,0,30.6,0,0,0
GAS,5.0,5,-0.076,0,30.6,0,0,0
DEV,5.0,5,0.257,0,30.6,0,0,0
MAG,5.0,5,0.567,2,30.6,0,0,0
VER,6.0,6,-0.049,0,30.6,0,0,0
LEC,6.0,6,-0.092,0,30.5,0,0,0
PER,6.0,6,0.314,0,30.5,0,0,0
SAI,6.0,6,0.346,0,30.5,0,0,0
HAM,6.0,6,0.421,0,30.5,0,0,0
RUS,6.0,6,-0.056,0,30.5,0,0,0
ALO,6.0,6,0.012,0,30.5,0,0,0
STR,6.0,6,0.57,0,30.5,0,0,0
BOT,6.0,6,-0.768,0,30.5,0,0,0
OCO,6.0,6,0.05,0,30.5,0,0,0
ALB,6.0,6,0.138,0,30.5,0,0,0
NOR,6.0,6,0.15,0,30.5,0,0,0
SAR,6.0,6,-0.111,0,30.5,0,0,0
TSU,6.0,6,-0.245,0,30.5,0,0,0
HUL,6.0,6,0.0,0,30.5,0,0,0
PIA,6.0,6,0.249,0,30.5,0,0,0
ZHO,6.0,6,0.342,0,30.5,0,0,0
GAS,6.0,6,0.292,0,30.5,0,0,0
DEV,6.0,6,0.495,0,30.5,0,0,0
MAG,6.0,6,-0.215,2,30.5,0,0,0
VER,7.0,7,0.035,0,30.5,0,0,0
LEC,7.0,7,0.119,0,30.5,0,0,0
PER,7.0,7,0.086,0,30.5,0,0,0
SAI,7.0,7,0.028,0,30.5,0,0,0
HAM,7.0,7,0.001,0,30.5,0,0,0
RUS,7.0,7,0.563,0,30.5,0,0,0
ALO,7.0,7,0.055,0,30.5,0,0,0
STR,7.0,7,0.231,0,30.5,0,0,0
BOT,7.0,7,0.299,0,30.5,0,0,0
OCO,7.0,7,0.157,0,30.5,0,0,0
ALB,7.0,7,-0.098,0,30.5,0,0,0
NOR,7.0,7,-0.088,0,30.5,0,0,0
SAR,7.0,7,0.101,0,30.5,0,0,0
TSU,7.0,7,0.066,0,30.5,0,0,0
HUL,7.0,7,0.146,0,30.5,0,0,0
PIA,7.0,7,0.056,0,30.5,0,0,0
ZHO,7.0,7,0.041,0,30.5,0,0,0
GAS,7.0,7,0.024,0,30.5,0,0,0
DEV,7.0,7,0.041,0,30.5,0,0,0
MAG,7.0,7,0.401,2,30.5,0,0,0
VER,8.0,8,0.133,0,30.4,0,0,0
LEC,8.0,8,-0.077,0,30.4,0,0,0
PER,8.0,8,0.368,0,30.4,0,0,0
SAI,8.0,8,0.277,0,30.4,0,0,0
HAM,8.0,8,0.51,0,30.4,0,0,0
RUS,8.0,8,0.254,0,30.4,0,0,0
ALO,8.0,8,0.23,0,30.4,0,0,0
STR,8.0,8,-0.144,0,30.4,0,0,0
BOT,8.0,8,-0.177,0,30.3,0,0,0
OCO,8.0,8,0.074,0,30.3,0,0,0
ALB,8.0,8,0.272,0,30.3,0,0,0
NOR,8.0,8,0.131,0,30.3,0,0,0
SAR,8.0,8,-0.024,0,30.3,0,0,0
TSU,8.0,8,-0.106,0,30.3,0,0,0
HUL,8.0,8,0.101,0,30.3,0,0,0
PIA,8.0,8,0.128,0,30.3,0,0,0
ZHO,8.0,8,-0.013,0,30.3,0,0,0
GAS,8.0,8,0.039,0,30.3,0,0,1
DEV,8.0,8,0.064,0,30.3,0,0,0
MAG,8.0,8,-0.243,2,30.3,0,0,0
VER,9.0,9,0.124,0,30.3,0,0,0
LEC,9.0,9,0.214,0,30.3,0,0,0
PER,9.0,9,-0.258,0,30.3,0,0,0
SAI,9.0,9,-0.035,0,30.3,0,0,0
HAM,9.0,9,0.056,0,30.3,0,0,0
RUS,9.0,9,0.11,0,30.3,0,0,0
ALO,9.0,9,0.316,0,30.3,0,0,0
STR,9.0,9,0.305,0,30.3,0,0,0
BOT,9.0,9,-0.112,0,30.3,0,0,0
OCO,9.0,9,0.304,0,30.3,0,0,0
ALB,9.0,9,0.051,0,30.3,0,0,0
NOR,9.0,9,-0.074,0,30.3,0,0,1
SAR,9.0,9,0.04,0,30.3,0,0,0
TSU,9.0,9,0.164,0,30.3,0,0,1
HUL,9.0,9,0.366,0,30.3,0,0,0
PIA,9.0,9,0.239,0,30.3,0,0,0
ZHO,9.0,9,0.342,0,30.3,0,0,0
GAS,9.0,9,3.028,0,30.3,0,0,0
DEV,9.0,9,0.343,0,30.3,0,0,0
MAG,9.0,9,-0.005,2,30.3,0,0,0
VER,10.0,10,0.091,0,30.2,0,0,0
LEC,10.0,10,0.245,0,30.2,0,0,0
PER,10.0,10,0.171,0,30.2,0,0,0
SAI,10.0,10,0.358,0,30.2,0,0,0
HAM,10.0,10,-0.034,0,30.2,0,0,0
RUS,10.0,10,0.112,0,30.2,0,0,0
ALO,10.0,10,-0.072,0,30.2,0,0,0
STR,10.0,10,0.086,0,30.2,0,0,0
BOT,10.0,10,0.401,0,30.2,0,0,1
OCO,10.0,10,-0.008,0,30.2,0,0,0
ALB,10.0,10,0.15,0,30.2,0,0,1
NOR,10.0,10,2.738,0,30.2,0,0,0
SAR,10.0,10,0.225,0,30.2,0,0,0
TSU,10.0,10,2.739,0,30.2,0,0,0
HUL,10.0,10,0.637,0,30.1,0,0,1
PIA,10.0,10,0.05,0,30.1,0,0,0
ZHO,10.0,10,0.217,0,30.1,0,0,0
DEV,10.0,10,0.093,0,30.1,0,0,1
GAS,10.0,1,17.061,2,30.1,0,0,0
MAG,10.0,10,0.441,2,30.1,0,0,0
VER,11.0,11,0.114,0,30.0,0,0,0
LEC,11.0,11,0.139,0,30.0,0,0,0
PER,11.0,11,0.164,0,30.0,0,0,0
SAI,11.0,11,0.405,0,30.0,0,0,0
HAM,11.0,11,0.463,0,30.0,0,0,1
RUS,11.0,11,0.553,0,30.0,0,0,0
ALO,11.0,11,0.944,0,30.0,0,0,0
STR,11.0,11,0.731,0,30.0,0,0,0
BOT,11.0,11,2.593,0,30.0,0,0,0
OCO,11.0,11,0.177,0,30.0,0,0,1
ALB,11.0,11,2.829,0,30.0,0,0,0
SAR,11.0,11,0.399,0,30.0,0,0,1
NOR,11.0,1,26.365,2,30.0,0,0,0
TSU,11.0,1,16.094,2,30.0,0,0,0
HUL,11.0,11,4.538,0,30.0,0,0,0
PIA,11.0,11,-0.232,0,30.0,0,0,0
ZHO,11.0,11,0.365,0,30.0,0,0,1
DEV,11.0,11,3.794,0,30.0,0,0,0
MAG,11.0,11,0.33,2,30.0,0,0,0
GAS,11.0,2,-22.5,2,29.9,0,0,0
VER,12.0,12,0.108,0,29.9,0,0,0
LEC,12.0,12,0.277,0,29.9,0,0,1
PER,12.0,12,-0.052,0,29.9,0,0,0
SAI,12.0,12,0.013,0,29.9,0,0,1
HAM,12.0,12,2.584,0,29.9,0,0,0
RUS,12.0,12,0.027,0,29.9,0,0,1
ALO,12.0,12,-0.213,0,29.9,0,0,0
STR,12.0,12,0.116,0,29.9,0,0,0
BOT,12.0,1,16.181,2,29.9,0,0,0
OCO,12.0,12,2.752,0,29.9,0,0,0
SAR,12.0,12,2.348,0,29.9,0,0,0
ALB,12.0,1,15.497,0,29.9,0,0,0
PIA,12.0,12,-0.196,0,29.9,0,0,1
ZHO,12.0,12,1.762,0,29.9,0,0,0
MAG,12.0,12,-0.704,2,29.9,0,0,0
HUL,12.0,1,15.789,2,29.9,0,0,0
DEV,12.0,1,15.724,2,29.9,0,0,0
TSU,12.0,2,-20.7,2,29.9,0,0,0
GAS,12.0,3,0.166,2,29.9,0,0,0
NOR,12.0,2,-30.572,2,29.9,0,0,0
VER,13.0,13,-0.109,0,29.9,0,0,1
LEC,13.0,13,2.579,0,29.9,0,0,0
PER,13.0,13,0.139,0,29.9,0,0,0
SAI,13.0,13,2.79,0,29.9,0,0,0
RUS,13.0,13,3.579,0,29.9,0,0,0
ALO,13.0,13,-0.593,0,29.9,0,0,1
HAM,13.0,1,15.843,2,29.9,0,0,0
STR,13.0,13,0.081,0,29.9,0,0,0
OCO,13.0,1,16.594,2,29.9,0,0,0
SAR,13.0,1,16.375,0,29.9,0,0,0
PIA,13.0,13,20.915,0,29.9,0,0,0
ZHO,13.0,1,18.231,2,29.9,0,0,0
MAG,13.0,13,0.309,2,29.9,0,0,0
BOT,13.0,2,-21.42,2,29.9,0,0,0
ALB,13.0,2,-20.796,0,29.9,0,0,0
TSU,13.0,3,0.328,2,29.9,0,0,0
GAS,13.0,4,0.421,2,29.9,0,0,0
NOR,13.0,3,0.196,2,29.9,0,0,0
DEV,13.0,2,-22.26,2,29.9,0,0,0
HUL,13.0,2,-23.173,2,29.9,0,0,0
VER,14.0,14,2.813,0,29.9,0,0,0
PER,14.0,14,-0.597,0,29.9,0,0,0
LEC,14.0,1,16.702,2,29.9,0,0,0
SAI,14.0,1,15.696,2,29.9,0,0,0
ALO,14.0,14,1.871,0,29.9,0,0,0
STR,14.0,14,-1.118,0,29.9,0,0,1
RUS,14.0,1,16.578,2,29.9,0,0,0
HAM,14.0,2,-20.871,2,29.9,0,0,0
MAG,14.0,14,0.085,2,29.9,0,0,1
BOT,14.0,3,0.068,2,29.9,0,0,0
ALB,14.0,3,-0.177,0,29.9,0,0,0
OCO,14.0,2,-21.732,2,29.9,0,0,1
TSU,14.0,4,-0.729,2,29.7,0,0,0
GAS,14.0,5,-0.49,2,29.7,0,0,0
SAR,14.0,2,-21.842,0,29.7,0,0,0
NOR,14.0,4,-0.267,2,29.7,0,0,0
DEV,14.0,3,-0.095,2,29.7,0,0,0
HUL,14.0,3,-0.559,2,29.7,0,0,0
ZHO,14.0,2,-22.771,2,29.7,0,0,0
VER,15.0,1,17.083,0,29.8,0,0,0
PER,15.0,15,-0.131,0,29.8,0,0,0
STR,15.0,15,2.839,0,29.7,0,0,0
ALO,15.0,1,17.48,2,29.7,0,0,0
LEC,15.0,2,-20.293,2,29.7,0,0,0
SAI,15.0,2,-21.021,2,29.7,0,0,0
HAM,15.0,3,0.219,2,29.7,0,0,0
BOT,15.0,4,0.753,2,29.6,0,0,0
MAG,15.0,15,3.16,2,29.6,0,0,0
RUS,15.0,2,-23.809,2,29.6,0,0,0
ALB,15.0,4,0.686,0,29.6,0,0,0
OCO,15.0,3,3.214,2,29.6,0,0,0
TSU,15.0,5,0.233,2,29.6,0,0,0
GAS,15.0,6,0.126,2,29.6,0,0,0
SAR,15.0,3,0.62,0,29.6,0,0,0
NOR,15.0,5,-0.373,2,29.6,0,0,0
DEV,15.0,4,0.039,2,29.6,0,0,0
HUL,15.0,4,0.125,2,29.6,0,0,0
ZHO,15.0,3,-0.101,2,29.6,0,0,0
PER,16.0,16,0.162,0,29.6,0,0,1
VER,16.0,2,-20.577,0,29.6,0,0,0
LEC,16.0,3,-0.524,2,29.6,0,0,0
STR,16.0,1,17.035,2,29.6,0,0,0
SAI,16.0,3,0.448,2,29.6,0,0,0
HAM,16.0,4,0.09,2,29.6,0,0,0
BOT,16.0,5,-0.357,2,29.6,0,0,0
ALO,16.0,2,-22.15,2,29.6,0,0,0
RUS,16.0,3,0.373,2,29.6,0,0,0
ALB,16.0,5,0.095,0,29.6,0,0,0
MAG,16.0,1,15.688,2,29.6,0,0,0
TSU,16.0,6,0.086,2,29.6,0,0,0
OCO,16.0,1,33.845,2,29.6,0,0,0
GAS,16.0,7,-0.04,2,29.6,0,0,0
SAR,16.0,4,-0.045,0,29.6,0,0,0
NOR,16.0,6,-0.01,2,29.6,0,0,1
DEV,16.0,5,0.259,2,29.6,0,0,0
HUL,16.0,5,0.164,2,29.6,0,0,0
ZHO,16.0,4,-0.231,2,29.6,0,0,0
PER,17.0,17,2.59,0,29.6,0,0,0
VER,17.0,3,-0.153,0,29.6,0,0,0
LEC,17.0,4,0.078,2,29.6,0,0,0
SAI,17.0,4,-0.272,2,29.6,0,0,0
HAM,17.0,5,0.087,2,29.6,0,0,0
BOT,17.0,6,1.479,2,29.6,0,0,0
ALO,17.0,3,0.597,2,29.6,0,0,0
RUS,17.0,4,0.771,2,29.6,0,0,0
STR,17.0,2,-22.369,2,29.6,0,0,0
ALB,17.0,6,-0.159,0,29.6,0,0,0
TSU,17.0,7,-0.04,2,29.6,0,0,0
GAS,17.0,8,0.066,2,29.6,0,0,0
SAR,17.0,5,0.451,0,29.6,0,0,0
NOR,17.0,7,2.641,2,29.6,0,0,0
DEV,17.0,6,-0.131,2,29.6,0,0,0
HUL,17.0,6,0.26,2,29.6,0,0,0
ZHO,17.0,5,0.145,2,29.6,0,0,0
MAG,17.0,2,-22.268,2,29.6,0,0,0
OCO,17.0,2,-36.928,2,29.6,0,0,0
PER,18.0,1,17.437,0,29.6,0,0,0
VER,18.0,4,-0.034,0,29.6,0,0,0
LEC,18.0,5,-0.233,2,29.6,0,0,0
SAI,18.0,5,0.126,2,29.6,0,0,0
HAM,18.0,6,-0.014,2,29.6,0,0,0
ALO,18.0,4,-0.015,2,29.6,0,0,0
BOT,18.0,7,0.267,2,29.6,0,0,0
RUS,18.0,5,-0.177,2,29.6,0,0,0
STR,18.0,3,0.62,2,29.5,0,0,0
ALB,18.0,7,-0.045,0,29.5,0,0,0
TSU,18.0,8,0.281,2,29.5,0,0,0
GAS,18.0,9,0.018,2,29.5,0,0,0
SAR,18.0,6,-0.04,0,29.5,0,0,0
DEV,18.0,7,0.058,2,29.5,0,0,0
NOR,18.0,1,27.106,0,29.5,0,0,0
HUL,18.0,7,0.927,2,29.5,0,0,0
ZHO,18.0,6,-0.27,2,29.5,0,0,0
MAG,18.0,3,-0.045,2,29.5,0,0,0
OCO,18.0,3,0.106,2,29.5,0,0,0
VER,19.0,5,0.098,0,29.5,0,0,0
LEC,19.0,6,0.06,2,29.5,0,0,0
PER,19.0,2,-21.138,0,29.5,0,0,0
SAI,19.0,6,-0.077,2,29.5,0,0,0
HAM,19.0,7,-0.006,2,29.5,0,0,0
ALO,19.0,5,0.237,2,29.5,0,0,0
RUS,19.0,6,0.085,2,29.5,0,0,0
BOT,19.0,8,-0.743,2,29.5,0,0,0
STR,19.0,4,0.46,2,29.5,0,0,0
ALB,19.0,8,0.223,0,29.5,0,0,0
TSU,19.0,9,-0.132,2,29.5,0,0,0
GAS,19.0,10,0.037,2,29.5,0,0,0
SAR,19.0,7,-0.179,0,29.5,0,0,0
DEV,19.0,8,0.024,2,29.5,0,0,0
ZHO,19.0,7,-0.079,2,29.5,0,0,0
HUL,19.0,8,-0.69,2,29.5,0,0,0
MAG,19.0,4,0.529,2,29.5,0,0,0
OCO,19.0,4,-0.069,2,29.5,0,0,0
NOR,19.0,2,-30.641,0,29.5,0,0,0
VER,20.0,6,0.076,0,29.5,0,0,0
LEC,20.0,7,-0.227,2,29.5,0,0,0
PER,20.0,3,-0.211,0,29.5,0,0,0
SAI,20.0,7,-0.114,2,29.4,0,0,0
HAM,20.0,8,-0.206,2,29.4,0,0,0
ALO,20.0,6,-0.043,2,29.4,0,0,0
RUS,20.0,7,0.066,2,29.4,0,0,0
BOT,20.0,9,0.945,2,29.4,0,0,0
STR,20.0,5,-0.549,2,29.4,0,0,0
ALB,20.0,9,0.027,0,29.4,0,0,0
TSU,20.0,10,0.112,2,29.4,0,0,0
GAS,20.0,11,-0.049,2,29.4,0,0,0
SAR,20.0,8,-0.034,0,29.4,0,0,0
DEV,20.0,9,0.104,2,29.3,0,0,0
ZHO,20.0,8,0.102,2,29.3,0,0,0
HUL,20.0,9,-0.138,2,29.3,0,0,0
MAG,20.0,5,0.28,2,29.3,0,0,0
OCO,20.0,5,-0.008,2,29.4,0,0,0
NOR,20.0,3,0.379,0,29.4,0,0,0
VER,21.0,7,-0.206,0,29.4,0,0,0
LEC,21.0,8,0.122,2,29.3,0,0,0
PER,21.0,4,-0.208,0,29.3,0,0,0
SAI,21.0,8,0.144,2,29.3,0,0,0
HAM,21.0,9,0.103,2,29.3,0,0,0
ALO,21.0,7,0.089,2,29.3,0,0,0
RUS,21.0,8,-0.023,2,29.3,0,0,0
STR,21.0,6,0.235,2,29.3,0,0,0
BOT,21.0,10,-1.087,2,29.3,0,0,0
ALB,21.0,10,0.292,0,29.3,0,0,0
TSU,21.0,11,0.043,2,29.3,0,0,0
GAS,21.0,12,0.31,2,29.3,0,0,0
SAR,21.0,9,0.426,0,29.3,0,0,0
DEV,21.0,10,0.0,2,29.3,0,0,0
ZHO,21.0,9,-0.008,2,29.3,0,0,0
HUL,21.0,10,0.208,2,29.3,0,0,0
MAG,21.0,6,0.003,2,29.3,0,0,0
OCO,21.0,6,0.167,2,29.2,0,0,0
NOR,21.0,4,-0.048,0,29.2,0,0,0
VER,22.0,8,0.069,0,29.2,0,0,0
LEC,22.0,9,0.409,2,29.2,0,0,0
PER,22.0,5,-0.071,0,29.2,0,0,0
SAI,22.0,9,0.213,2,29.2,0,0,0
HAM,22.0,10,-0.121,2,29.2,0,0,0
ALO,22.0,8,-0.207,2,29.2,0,0,0
RUS,22.0,9,-0.117,2,29.1,0,0,0
STR,22.0,7,0.457,2,29.1,0,0,0
BOT,22.0,11,0.001,2,29.1,0,0,0
ALB,22.0,11,-0.003,0,29.1,0,0,0
TSU,22.0,12,0.114,2,29.1,0,0,0
GAS,22.0,13,0.158,2,29.1,0,0,0
SAR,22.0,10,-0.25,0,29.1,0,0,0
DEV,22.0,11,0.114,2,29.1,0,0,0
ZHO,22.0,10,0.227,2,29.1,0,0,0
HUL,22.0,11,0.231,2,29.1,0,0,0
MAG,22.0,7,-0.173,2,29.1,0,0,0
OCO,22.0,7,0.052,2,29.1,0,0,0
NOR,22.0,5,0.611,0,29.1,0,0,0
VER,23.0,9,-0.099,0,29.1,0,0,0
LEC,23.0,10,-0.108,2,29.1,0,0,0
PER,23.0,6,0.135,0,29.1,0,0,0
SAI,23.0,10,0.144,2,29.0,0,0,0
HAM,23.0,11,-0.076,2,29.0,0,0,0
ALO,23.0,9,-0.347,2,29.0,0,0,0
RUS,23.0,10,0.335,2,29.0,0,0,0
STR,23.0,8,-0.435,2,29.0,0,0,0
BOT,23.0,12,-0.045,2,29.0,0,0,0
ALB,23.0,12,0.214,0,29.0,0,0,0
TSU,23.0,13,0.193,2,29.0,0,0,0
GAS,23.0,14,-0.222,2,29.0,0,0,0
SAR,23.0,11,0.33,0,29.0,0,0,0
DEV,23.0,12,0.246,2,29.0,0,0,0
ZHO,23.0,11,0.347,2,29.0,0,0,0
HUL,23.0,12,-0.068,2,29.0,0,0,0
MAG,23.0,8,0.114,2,29.0,0,0,0
OCO,23.0,8,1.024,2,29.0,0,0,0
NOR,23.0,6,-0.617,0,29.0,0,0,0
VER,24.0,10,-0.165,0,29.0,0,0,0
LEC,24.0,11,-0.082,2,29.0,0,0,0
PER,24.0,7,0.048,0,29.0,0,0,0
SAI,24.0,11,-0.283,2,29.0,0,0,0
HAM,24.0,12,-0.017,2,29.0,0,0,0
ALO,24.0,10,0.025,2,29.0,0,0,0
RUS,24.0,11,-0.13,2,29.0,0,0,0
STR,24.0,9,0.183,2,29.0,0,0,0
BOT,24.0,13,0.116,2,29.0,0,0,0
ALB,24.0,13,0.088,0,29.0,0,0,0
TSU,24.0,14,0.477,2,29.0,0,0,0
GAS,24.0,15,0.498,2,29.0,0,0,1
SAR,24.0,12,0.18,0,29.0,0,0,0
DEV,24.0,13,0.265,2,29.0,0,0,0
ZHO,24.0,12,0.041,2,29.0,0,0,0
HUL,24.0,13,-0.011,2,29.0,0,0,0
MAG,24.0,9,-0.08,2,29.0,0,0,0
NOR,24.0,7,0.405,0,29.0,0,0,0
OCO,24.0,9,-0.67,2,29.0,0,0,0
VER,25.0,11,-0.015,0,29.0,0,0,0
LEC,25.0,12,0.569,2,29.0,0,0,0
PER,25.0,8,1.066,0,29.0,0,0,0
SAI,25.0,12,0.257,2,29.0,0,0,0
HAM,25.0,13,-0.077,2,29.0,0,0,0
ALO,25.0,11,0.261,2,29.0,0,0,0
RUS,25.0,12,-0.156,2,29.0,0,0,0
STR,25.0,10,-0.228,2,29.0,0,0,0
BOT,25.0,14,0.063,2,28.9,0,0,0
ALB,25.0,14,-0.058,0,28.9,0,0,1
TSU,25.0,15,-0.363,2,28.9,0,0,1
GAS,25.0,16,2.527,2,28.9,0,0,0
SAR,25.0,13,-0.038,0,28.9,0,0,0
DEV,25.0,14,1.153,2,28.9,0,0,0
ZHO,25.0,13,-0.437,2,28.9,0,0,0
HUL,25.0,14,0.44,2,28.9,0,0,1
MAG,25.0,10,0.529,2,28.9,0,0,0
NOR,25.0,8,-0.249,0,28.9,0,0,0
OCO,25.0,10,0.053,2,28.9,0,0,0
VER,26.0,12,0.31,0,28.9,0,0,0
LEC,26.0,13,1.127,2,28.9,0,0,0
PER,26.0,9,-0.964,0,28.9,0,0,0
SAI,26.0,13,-0.24,2,28.9,0,0,0
HAM,26.0,14,0.049,2,28.9,0,0,0
ALO,26.0,12,-0.012,2,28.8,0,0,0
RUS,26.0,13,-0.025,2,28.8,0,0,0
STR,26.0,11,0.232,2,28.8,0,0,0
BOT,26.0,15,0.01,2,28.8,0,0,0
ALB,26.0,15,2.778,0,28.8,0,0,0
TSU,26.0,16,2.481,2,28.8,0,0,0
GAS,26.0,1,17.116,2,28.8,0,0,0
SAR,26.0,14,0.172,0,28.8,0,0,0
ZHO,26.0,14,0.361,2,28.8,0,0,0
DEV,26.0,15,-0.99,2,28.8,0,0,1
HUL,26.0,15,2.636,2,28.8,0,0,0
MAG,26.0,11,0.125,2,28.8,0,0,0
NOR,26.0,9,-0.007,0,28.8,0,0,1
OCO,26.0,11,0.086,2,28.8,0,0,0
VER,27.0,13,-0.303,0,28.8,0,0,0
PER,27.0,10,-0.067,0,28.8,0,0,0
LEC,27.0,14,-0.854,2,28.8,0,0,0
SAI,27.0,14,0.092,2,28.8,0,0,0
HAM,27.0,15,0.03,2,28.8,0,0,0
ALO,27.0,13,0.485,2,28.8,0,0,0
RUS,27.0,14,0.163,2,28.8,0,0,0
STR,27.0,12,0.539,2,28.8,0,0,0
BOT,27.0,16,-0.213,2,28.8,0,0,0
ALB,27.0,1,17.26,2,28.8,0,0,0
TSU,27.0,1,18.073,2,28.8,0,0,0
SAR,27.0,15,-0.404,0,28.8,0,0,0
ZHO,27.0,15,-0.192,2,28.8,0,0,0
DEV,27.0,16,2.339,2,28.8,0,0,0
MAG,27.0,12,-0.303,2,28.8,0,0,0
HUL,27.0,1,29.106,2,28.8,0,0,0
GAS,27.0,2,-20.675,2,28.8,0,0,0
NOR,27.0,10,2.533,0,28.7,0,0,0
OCO,27.0,12,0.073,2,28.7,0,0,0
VER,28.0,14,0.272,0,28.7,0,0,0
PER,28.0,11,-0.176,0,28.7,0,0,0
LEC,28.0,15,-0.196,2,28.7,0,0,0
SAI,28.0,15,0.051,2,28.7,0,0,0
HAM,28.0,16,-0.104,2,28.7,0,0,0
ALO,28.0,14,-0.413,2,28.7,0,0,0
RUS,28.0,15,-0.177,2,28.7,0,0,0
STR,28.0,13,-0.298,2,28.7,0,0,0
BOT,28.0,17,-0.271,2,28.7,0,0,1
SAR,28.0,16,0.018,0,28.7,0,0,0
ZHO,28.0,16,0.177,2,28.7,0,0,0
DEV,28.0,1,17.774,2,28.7,0,0,0
MAG,28.0,13,0.018,2,28.7,0,0,1
ALB,28.0,2,-22.367,2,28.7,0,0,0
GAS,28.0,3,-0.968,2,28.7,0,0,0
TSU,28.0,2,-22.476,2,28.7,0,0,0
NOR,28.0,1,26.69,1,28.7,0,0,0
OCO,28.0,13,0.432,2,28.7,0,0,0
VER,29.0,15,-0.08,0,28.7,0,0,0
HUL,28.0,2,-35.056,2,28.7,0,0,0
PER,29.0,12,0.522,0,28.7,0,0,0
LEC,29.0,16,-0.171,2,28.7,0,0,0
SAI,29.0,16,0.076,2,28.7,0,0,0
HAM,29.0,17,0.115,2,28.7,0,0,1
ALO,29.0,15,0.386,2,28.7,0,0,0
RUS,29.0,16,0.344,2,28.7,0,0,0
STR,29.0,14,-0.013,2,28.7,0,0,1
BOT,29.0,18,3.204,2,28.7,0,0,0
SAR,29.0,17,0.053,0,28.7,0,0,1
ZHO,29.0,17,-0.051,2,28.7,0,0,0
MAG,29.0,14,2.663,2,28.7,0,0,0
ALB,29.0,3,0.624,2,28.7,0,0,0
GAS,29.0,4,0.251,2,28.7,0,0,0
TSU,29.0,3,-0.045,2,28.7,0,0,0
DEV,29.0,2,-21.962,2,28.7,0,0,0
OCO,29.0,14,1.155,2,28.7,0,0,0
VER,30.0,16,-0.022,0,28.7,0,0,0
HUL,29.0,3,0.417,2,28.7,0,0,0
PER,30.0,13,-0.333,0,28.7,0,0,0
LEC,30.0,17,-0.057,2,28.7,0,0,0
NOR,29.0,2,-30.403,1,28.7,0,0,0
SAI,30.0,17,0.051,2,28.7,0,0,1
HAM,30.0,18,2.795,2,28.7,0,0,0
ALO,30.0,16,-0.303,2,28.7,0,0,0
RUS,30.0,17,-0.251,2,28.7,0,0,1
STR,30.0,15,2.757,2,28.7,0,0,0
BOT,30.0,1,16.666,2,28.7,0,0,0
SAR,30.0,18,2.736,0,28.7,0,0,0
ZHO,30.0,18,0.021,2,28.7,0,0,0
ALB,30.0,4,-0.196,2,28.7,0,0,0
MAG,30.0,1,18.954,0,28.7,0,0,0
GAS,30.0,5,-0.252,2,28.7,0,0,0
TSU,30.0,4,0.368,2,28.7,0,0,0
DEV,30.0,3,-0.412,2,28.7,0,0,0
VER,31.0,17,-0.118,0,28.7,0,0,0
OCO,30.0,15,-1.424,2,28.7,0,0,0
HUL,30.0,4,0.219,2,28.7,0,0,0
PER,31.0,14,0.519,0,28.7,0,0,0
LEC,31.0,18,0.356,2,28.7,0,0,0
NOR,30.0,3,0.345,1,28.7,0,0,0
SAI,31.0,18,2.673,2,28.7,0,0,0
ALO,31.0,17,-0.273,2,28.7,0,0,0
HAM,31.0,1,18.328,2,28.7,0,0,0
RUS,31.0,18,2.494,2,28.7,0,0,0
STR,31.0,1,15.596,2,28.7,0,0,0
ZHO,31.0,19,0.288,2,28.7,0,0,1
SAR,31.0,1,16.894,2,28.7,0,0,0
BOT,31.0,2,-21.507,2,28.7,0,0,0
ALB,31.0,5,0.173,2,28.7,0,0,0
GAS,31.0,6,0.208,2,28.7,0,0,0
TSU,31.0,5,-0.334,2,28.7,0,0,0
DEV,31.0,4,0.2,2,28.7,0,0,0
VER,32.0,18,0.26,0,28.7,0,0,0
OCO,31.0,16,-0.009,2,28.7,0,0,1
MAG,31.0,2,-22.34,0,28.7,0,0,0
HUL,31.0,5,0.274,2,28.7,0,0,0
PER,32.0,15,-0.197,0,28.7,0,0,0
LEC,32.0,19,0.202,2,28.7,0,0,1
NOR,31.0,4,0.163,1,28.7,0,0,0
SAI,32.0,1,17.218,2,28.7,0,0,0
ALO,32.0,18,-0.138,2,28.7,0,0,0
RUS,32.0,1,17.659,2,28.7,0,0,0
HAM,32.0,2,-21.94,2,28.7,0,0,0
STR,32.0,2,-20.517,2,28.7,0,0,0
ZHO,32.0,20,2.426,2,28.7,0,0,0
BOT,32.0,3,0.296,2,28.7,0,0,0
ALB,32.0,6,-0.185,2,28.7,0,0,0
GAS,32.0,7,0.044,2,28.7,0,0,0
TSU,32.0,6,0.204,2,28.7,0,0,0
SAR,32.0,2,-21.69,2,28.7,0,0,0
DEV,32.0,5,-0.007,2,28.7,0,0,0
VER,33.0,19,-0.005,0,28.7,0,0,0
OCO,32.0,17,4.548,2,28.7,0,0,0
MAG,32.0,3,-0.949,0,28.7,0,0,0
HUL,32.0,6,-0.085,2,28.7,0,0,0
PER,33.0,16,0.147,0,28.7,0,0,1
LEC,33.0,20,2.375,2,28.7,0,0,0
NOR,32.0,5,0.343,1,28.7,0,0,0
ALO,33.0,19,-0.102,2,28.7,0,0,1
SAI,33.0,2,-20.944,2,28.7,0,0,0
HAM,33.0,3,-0.014,2,28.7,0,0,0
STR,33.0,3,0.664,2,28.7,0,0,0
RUS,33.0,2,-21.473,2,28.7,0,0,0
BOT,33.0,4,0.1,2,28.7,0,0,0
ZHO,33.0,1,17.563,0,28.7,0,0,0
ALB,33.0,7,0.185,2,28.7,0,0,0
GAS,33.0,8,-0.038,2,28.7,0,0,0
TSU,33.0,7,0.077,2,28.7,0,0,0
SAR,33.0,3,0.249,2,28.7,0,0,0
DEV,33.0,6,0.031,2,28.7,0,0,0
VER,34.0,20,0.153,0,28.7,0,0,0
MAG,33.0,4,-0.547,0,28.7,0,0,0
HUL,33.0,7,-0.045,2,28.7,0,0,0
OCO,33.0,1,34.398,2,28.7,0,0,0
PER,34.0,17,2.817,0,28.7,0,0,0
NOR,33.0,6,-0.591,1,28.7,0,0,0
LEC,34.0,1,18.154,2,28.7,0,0,0
ALO,34.0,20,2.584,2,28.7,0,0,0
SAI,34.0,3,-0.073,2,28.7,0,0,0
HAM,34.0,4,0.586,2,28.7,0,0,0
STR,34.0,4,-0.042,2,28.7,0,0,0
RUS,34.0,3,0.09,2,28.7,0,0,0
BOT,34.0,5,-0.001,2,28.7,0,0,0
ALB,34.0,8,-0.143,2,28.7,0,0,0
GAS,34.0,9,0.048,2,28.7,0,0,0
TSU,34.0,8,0.036,2,28.7,0,0,0
SAR,34.0,4,0.04,2,28.7,0,0,0
DEV,34.0,7,0.333,2,28.7,0,0,0
VER,35.0,21,0.011,0,28.7,0,0,1
ZHO,34.0,2,-22.622,0,28.7,0,0,0
MAG,34.0,5,0.431,0,28.7,0,0,0
HUL,34.0,8,0.134,2,28.7,0,0,0
PER,35.0,1,18.099,2,28.7,0,0,0
NOR,34.0,7,0.467,1,28.7,0,0,0
ALO,35.0,1,17.036,2,28.7,0,0,0
LEC,35.0,2,-21.404,2,28.7,0,0,0
OCO,34.0,2,-41.897,2,28.7,0,0,0
SAI,35.0,4,-0.034,2,28.7,0,0,0
HAM,35.0,5,-1.304,2,28.7,0,0,0
STR,35.0,5,0.353,2,28.7,0,0,0
RUS,35.0,4,0.281,2,28.7,0,0,0
BOT,35.0,6,0.043,2,28.7,0,0,0
ALB,35.0,9,0.023,2,28.7,0,0,0
GAS,35.0,10,0.066,2,28.7,0,0,0
TSU,35.0,9,0.033,2,28.7,0,0,0
SAR,35.0,5,0.127,2,28.7,0,0,0
DEV,35.0,8,-0.143,2,28.7,0,0,0
VER,36.0,22,3.114,0,28.7,0,0,0
ZHO,35.0,3,0.513,0,28.7,0,0,0
MAG,35.0,6,-0.068,0,28.7,0,0,0
HUL,35.0,9,0.198,2,28.7,0,0,0
NOR,35.0,8,-0.117,1,28.7,0,0,0
PER,36.0,2,-21.965,2,28.7,0,0,0
LEC,36.0,3,-0.76,2,28.7,0,0,0
OCO,35.0,3,0.167,2,28.7,0,0,0
SAI,36.0,5,0.265,2,28.7,0,0,0
HAM,36.0,6,-0.285,2,28.7,0,0,0
ALO,36.0,2,-21.233,2,28.7,0,0,0
STR,36.0,6,0.199,2,28.7,0,0,0
RUS,36.0,5,0.015,2,28.7,0,0,0
BOT,36.0,7,0.01,2,28.7,0,0,0
ALB,36.0,10,0.192,2,28.7,0,0,0
GAS,36.0,11,0.096,2,28.7,0,0,0
TSU,36.0,10,-0.104,2,28.7,0,0,0
SAR,36.0,6,-0.312,2,28.7,0,0,0
DEV,36.0,9,0.083,2,28.7,0,0,0
ZHO,36.0,4,0.407,0,28.7,0,0,0
VER,37.0,1,17.526,2,28.7,0,0,0
MAG,36.0,7,0.294,0,28.7,0,0,0
HUL,36.0,10,0.152,2,28.7,0,0,0
NOR,36.0,9,2.016,1,28.7,0,0,1
PER,37.0,3,-0.476,2,28.7,0,0,0
LEC,37.0,4,-0.143,2,28.7,0,0,0
OCO,36.0,4,0.4,2,28.7,0,0,0
SAI,37.0,6,-0.576,2,28.7,0,0,0
HAM,37.0,7,0.842,2,28.7,0,0,0
ALO,37.0,3,1.275,2,28.7,0,0,0
STR,37.0,7,-0.04,2,28.7,0,0,0
RUS,37.0,6,0.215,2,28.7,0,0,0
BOT,37.0,8,-0.053,2,28.7,0,0,0
ALB,37.0,11,-0.138,2,28.7,0,0,0
GAS,37.0,12,-0.051,2,28.7,0,0,0
TSU,37.0,11,0.016,2,28.7,0,0,0
SAR,37.0,7,0.114,2,28.7,0,0,0
DEV,37.0,10,0.217,2,28.7,0,0,0
ZHO,37.0,5,0.046,0,28.7,0,0,0
MAG,37.0,8,0.244,0,28.7,0,0,0
HUL,37.0,11,-0.137,2,28.7,0,0,0
VER,38.0,2,-22.193,2,28.7,0,0,0
NOR,37.0,10,0.311,1,28.7,0,0,0
PER,38.0,4,0.087,2,28.7,0,0,0
LEC,38.0,5,0.0,2,28.7,0,0,0
OCO,37.0,5,-0.026,2,28.7,0,0,0
SAI,38.0,7,0.314,2,28.7,0,0,0
HAM,38.0,8,0.916,2,28.7,0,0,0
ALO,38.0,4,-0.429,2,28.7,0,0,0
STR,38.0,8,-0.406,2,28.7,0,0,0
RUS,38.0,7,-0.162,2,28.7,0,0,0
BOT,38.0,9,-0.116,2,28.7,0,0,0
ALB,38.0,12,0.292,2,28.7,0,0,0
GAS,38.0,13,-0.025,2,28.7,0,0,0
TSU,38.0,12,0.009,2,28.7,0,0,0
SAR,38.0,8,0.184,2,28.7,0,0,0
DEV,38.0,11,-0.044,2,28.7,0,0,0
ZHO,38.0,6,0.419,0,28.7,0,0,0
MAG,38.0,9,0.305,0,28.7,0,0,0
HUL,38.0,12,0.083,2,28.7,0,0,0
VER,39.0,3,0.149,2,28.7,0,0,0
NOR,38.0,1,28.485,2,28.7,0,0,0
PER,39.0,5,-0.002,2,28.7,0,0,0
LEC,39.0,6,0.117,2,28.7,0,0,0
OCO,38.0,6,-0.122,2,28.7,0,0,0
SAI,39.0,8,-0.041,2,28.7,0,0,0
ALO,39.0,5,0.241,2,28.7,0,0,0
HAM,39.0,9,-0.826,2,28.7,0,0,0
STR,39.0,9,0.182,2,28.7,0,0,0
RUS,39.0,8,-0.165,2,28.7,0,0,0
BOT,39.0,10,0.126,2,28.7,0,0,0
ALB,39.0,13,0.016,2,28.7,0,0,1
GAS,39.0,14,0.429,2,28.7,0,0,1
TSU,39.0,13,0.335,2,28.7,0,0,1
SAR,39.0,9,-0.044,2,28.7,0,0,1
DEV,39.0,12,0.156,2,28.7,0,0,0
ZHO,39.0,7,-0.054,0,28.7,0,0,0
MAG,39.0,10,0.284,0,28.7,0,0,1
HUL,39.0,13,-0.007,2,28.7,0,0,1
VER,40.0,4,0.496,2,28.7,0,0,0
PER,40.0,6,0.685,2,28.7,0,0,0
OCO,39.0,7,0.307,2,28.7,0,0,0
SAI,40.0,9,0.184,2,28.7,0,0,0
ALO,40.0,6,-0.035,2,28.7,0,0,0
HAM,40.0,10,0.016,2,28.7,0,0,0
NOR,39.0,2,-30.335,2,28.7,0,0,0
STR,40.0,10,0.46,2,28.7,0,0,0
RUS,40.0,9,0.59,2,28.7,0,0,0
BOT,40.0,11,12.592,2,28.7,0,0,0
ALB,40.0,14,11.831,2,28.7,0,0,0
GAS,40.0,15,11.17,2,28.7,0,0,0
TSU,40.0,14,11.931,2,28.7,0,0,0
SAR,40.0,10,15.782,2,28.7,0,0,0
DEV,40.0,13,15.009,2,28.7,0,0,0
ZHO,40.0,8,15.088,0,28.7,0,0,0
MAG,40.0,11,19.21,0,28.7,0,0,0
HUL,40.0,14,20.505,2,28.7,0,0,0
VER,41.0,5,23.553,2,28.7,0,0,0
PER,41.0,7,26.408,2,28.7,0,0,0
OCO,40.0,8,30.5,2,28.7,0,0,1
SAI,41.0,10,28.849,2,28.7,0,0,0
ALO,41.0,7,29.505,2,28.7,0,0,0
HAM,41.0,11,28.997,2,28.7,0,0,0
NOR,40.0,3,29.623,2,28.7,0,0,0
STR,41.0,11,28.893,2,28.7,0,0,0
RUS,41.0,10,28.208,2,28.7,0,0,0
BOT,41.0,12,4.905,2,28.7,0,0,0
ALB,41.0,1,18.482,0,28.7,0,0,0
GAS,41.0,1,18.837,0,28.7,0,0,0
TSU,41.0,1,20.432,0,28.7,0,0,0
SAR,41.0,1,11.861,0,28.7,0,0,0
DEV,41.0,14,0.815,2,28.7,0,0,0
ZHO,41.0,9,-0.956,0,28.7,0,0,0
MAG,41.0,1,4.75,0,28.7,0,0,0
HUL,41.0,1,6.586,0,28.7,0,0,0
VER,42.0,6,-15.671,2,28.7,0,0,0
PER,42.0,8,-23.865,2,28.7,0,0,0
OCO,41.0,9,-25.339,2,28.7,0,0,0
SAI,42.0,11,-29.061,2,28.7,0,0,0
ALO,42.0,8,-30.379,2,28.7,0,0,0
HAM,42.0,12,-29.43,2,28.7,0,0,0
NOR,41.0,4,-31.265,2,28.7,0,0,0
STR,42.0,12,-29.511,2,28.7,0,0,0
RUS,42.0,11,-29.258,2,28.7,0,0,0
BOT,42.0,13,-17.545,2,28.7,0,0,0
ALB,42.0,2,-31.448,0,28.7,0,0,0
GAS,42.0,2,-33.476,0,28.7,0,0,0
DEV,42.0,15,-14.486,2,28.7,0,0,0
ZHO,42.0,10,-12.596,0,28.7,0,0,0
TSU,42.0,2,-34.145,0,28.7,0,0,0
SAR,42.0,2,-29.577,0,28.7,0,0,0
VER,43.0,7,-7.934,2,28.7,0,0,0
MAG,42.0,2,-26.076,0,28.7,0,0,0
PER,43.0,9,-3.103,2,28.7,0,0,0
HUL,42.0,2,-28.659,0,28.7,0,0,0
SAI,43.0,12,-0.081,2,28.7,0,0,0
ALO,43.0,9,0.577,2,28.7,0,0,0
HAM,43.0,13,0.05,2,28.7,0,0,0
NOR,42.0,5,-0.037,2,28.7,0,0,0
STR,43.0,13,0.006,2,28.7,0,0,0
RUS,43.0,12,0.445,2,28.7,0,0,0
BOT,43.0,14,0.077,2,28.7,0,0,0
GAS,43.0,3,0.874,0,28.7,0,0,0
ALB,43.0,3,-0.067,0,28.7,0,0,0
TSU,43.0,3,0.391,0,28.7,0,0,0
DEV,43.0,16,0.304,2,28.7,0,0,0
ZHO,43.0,11,-1.593,0,28.7,0,0,0
SAR,43.0,3,0.764,0,28.7,0,0,0
VER,44.0,8,-0.654,2,28.7,0,0,0
MAG,43.0,3,0.471,0,28.7,0,0,0
PER,44.0,10,0.424,2,28.7,0,0,0
HUL,43.0,3,0.177,0,28.7,0,0,0
SAI,44.0,13,0.095,2,28.7,0,0,0
ALO,44.0,10,0.111,2,28.7,0,0,0
HAM,44.0,14,-0.063,2,28.7,0,0,0
NOR,43.0,6,0.019,2,28.7,0,0,0
STR,44.0,14,-0.005,2,28.7,0,0,0
RUS,44.0,13,0.117,2,28.7,0,0,0
BOT,44.0,15,0.055,2,28.7,0,0,0
GAS,44.0,4,-0.15,0,28.7,0,0,0
ALB,44.0,4,0.183,0,28.7,0,0,0
TSU,44.0,4,-0.018,0,28.7,0,0,0
ZHO,44.0,12,-0.337,0,28.7,0,0,0
DEV,44.0,17,-0.589,2,28.7,0,0,0
SAR,44.0,4,0.606,0,28.7,0,0,0
VER,45.0,9,0.779,2,28.7,0,0,0
MAG,44.0,4,-0.354,0,28.7,0,0,0
PER,45.0,11,-0.05,2,28.7,0,0,0
HUL,44.0,4,0.283,0,28.7,0,0,0
SAI,45.0,14,2.172,2,28.7,0,0,0
ALO,45.0,11,0.909,2,28.7,0,0,0
HAM,45.0,15,0.613,2,28.7,0,0,0
NOR,44.0,7,0.532,2,28.7,0,0,0
STR,45.0,15,-0.077,2,28.7,0,0,0
RUS,45.0,14,-0.281,2,28.7,0,0,0
BOT,45.0,16,-0.18,2,28.7,0,0,0
GAS,45.0,5,0.394,0,28.7,0,0,0
ALB,45.0,5,0.176,0,28.7,0,0,0
TSU,45.0,5,0.011,0,28.7,0,0,0
ZHO,45.0,13,-0.024,0,28.7,0,0,0
SAR,45.0,5,0.055,0,28.7,0,0,0
DEV,45.0,18,-0.699,2,28.7,0,0,0
VER,46.0,10,-0.314,2,28.7,0,0,0
MAG,45.0,5,0.538,0,28.7,0,0,0
PER,46.0,12,0.329,2,28.7,0,0,0
HUL,45.0,5,0.238,0,28.7,0,0,0
ALO,46.0,12,-0.844,2,28.7,0,0,0
SAI,46.0,15,-1.717,2,28.7,0,0,0
HAM,46.0,16,0.118,2,28.7,0,0,0
NOR,45.0,8,0.207,2,28.7,0,0,0
STR,46.0,16,0.34,2,28.7,0,0,0
RUS,46.0,15,0.255,2,28.7,0,0,0
BOT,46.0,17,0.142,2,28.7,0,0,0
GAS,46.0,6,-0.145,0,28.7,0,0,0
ALB,46.0,6,0.074,0,28.7,0,0,0
TSU,46.0,6,0.237,0,28.7,0,0,0
ZHO,46.0,14,0.386,0,28.7,0,0,0
SAR,46.0,6,0.979,0,28.7,0,0,0
DEV,46.0,19,-0.018,2,28.7,0,0,0
VER,47.0,11,0.308,2,28.7,0,0,0
MAG,46.0,6,0.463,0,28.7,0,0,0
PER,47.0,13,-0.596,2,28.7,0,0,0
HUL,46.0,6,2.658,0,28.7,0,0,0
ALO,47.0,13,0.239,2,28.7,0,0,0
SAI,47.0,16,0.378,2,28.7,0,0,0
HAM,47.0,17,0.738,2,28.7,0,0,0
NOR,46.0,9,0.23,2,28.7,0,0,1
STR,47.0,17,-0.305,2,28.7,0,0,0
RUS,47.0,16,-0.139,2,28.7,0,0,0
BOT,47.0,18,-0.015,2,28.7,0,0,0
GAS,47.0,7,0.079,0,28.7,0,0,0
ALB,47.0,7,-0.032,0,28.7,0,0,0
TSU,47.0,7,0.101,0,28.7,0,0,0
ZHO,47.0,15,1.217,0,28.7,0,0,0
SAR,47.0,7,-1.214,0,28.7,0,0,0
DEV,47.0,20,0.05,2,28.7,0,0,0
VER,48.0,12,-0.091,2,28.7,0,0,0
MAG,47.0,7,0.04,0,28.7,0,0,0
PER,48.0,14,0.198,2,28.7,0,0,0
HUL,47.0,7,-3.166,0,28.7,0,0,0
ALO,48.0,14,-0.543,2,28.7,0,0,0
SAI,48.0,17,-0.325,2,28.7,0,0,0
HAM,48.0,18,-0.673,2,28.7,0,0,0
NOR,47.0,10,2.777,2,28.7,0,0,0
STR,48.0,18,0.191,2,28.7,0,0,0
RUS,48.0,17,0.088,2,28.7,0,0,0
BOT,48.0,19,-0.315,2,28.7,0,0,0
GAS,48.0,8,0.248,0,28.7,0,0,0
ALB,48.0,8,0.139,0,28.7,0,0,0
TSU,48.0,8,-0.121,0,28.7,0,0,0
SAR,48.0,8,-0.159,0,28.7,0,0,0
ZHO,48.0,16,-0.957,0,28.7,0,0,0
DEV,48.0,21,1.52,2,28.7,0,0,0
VER,49.0,13,0.044,2,28.7,0,0,0
MAG,48.0,8,-0.022,0,28.7,0,0,0
PER,49.0,15,0.19,2,28.7,0,0,0
HUL,48.0,8,0.28,0,28.7,0,0,0
ALO,49.0,15,-0.057,2,28.7,0,0,0
SAI,49.0,18,-0.132,2,28.7,0,0,0
HAM,49.0,19,0.11,2,28.7,0,0,0
NOR,48.0,1,26.472,0,28.7,0,0,0
STR,49.0,19,0.103,2,28.7,0,0,0
RUS,49.0,18,0.198,2,28.7,0,0,0
BOT,49.0,20,0.35,2,28.7,0,0,0
GAS,49.0,9,0.435,0,28.7,0,0,0
ALB,49.0,9,-0.075,0,28.7,0,0,0
TSU,49.0,9,0.29,0,28.7,0,0,0
SAR,49.0,9,0.157,0,28.7,0,0,0
ZHO,49.0,17,0.032,0,28.7,0,0,0
VER,50.0,14,0.288,2,28.7,0,0,0
DEV,49.0,22,-1.456,2,28.7,0,0,0
MAG,49.0,9,0.132,0,28.7,0,0,0
PER,50.0,16,0.682,2,28.7,0,0,0
HUL,49.0,9,-0.009,0,28.7,0,0,0
ALO,50.0,16,-0.395,2,28.7,0,0,0
SAI,50.0,19,-0.161,2,28.7,0,0,0
HAM,50.0,20,-0.184,2,28.7,0,0,0
STR,50.0,20,-0.163,2,28.7,0,0,0
RUS,50.0,19,-0.335,2,28.7,0,0,0
BOT,50.0,21,-0.14,2,28.7,0,0,0
GAS,50.0,10,-0.252,0,28.7,0,0,0
NOR,49.0,2,-27.825,0,28.7,0,0,0
ALB,50.0,10,0.086,0,28.7,0,0,0
TSU,50.0,10,0.096,0,28.7,0,0,0
SAR,50.0,10,0.065,0,28.7,0,0,0
ZHO,50.0,18,1.265,0,28.7,0,0,0
VER,51.0,15,0.177,2,28.7,0,0,0
DEV,50.0,23,0.104,2,28.7,0,0,0
MAG,50.0,10,0.576,0,28.7,0,0,0
PER,51.0,17,-0.682,2,28.7,0,0,0
HUL,50.0,10,0.165,0,28.7,0,0,0
ALO,51.0,17,0.629,2,28.7,0,0,0
SAI,51.0,20,0.068,2,28.7,0,0,0
HAM,51.0,21,0.244,2,28.7,0,0,0
STR,51.0,21,0.478,2,28.7,0,0,0
RUS,51.0,20,0.442,2,28.7,0,0,0
BOT,51.0,22,0.106,2,28.7,0,0,0
GAS,51.0,11,0.084,0,28.7,0,0,0
NOR,50.0,3,-3.823,0,28.7,0,0,0
ALB,51.0,11,0.032,0,28.7,0,0,0
TSU,51.0,11,0.082,0,28.7,0,0,0
SAR,51.0,11,0.182,0,28.7,0,0,0
VER,52.0,16,-0.508,2,28.7,0,0,0
ZHO,51.0,19,-1.174,0,28.7,0,0,0
DEV,51.0,24,1.386,2,28.7,0,0,0
MAG,51.0,11,-0.158,0,28.7,0,0,0
PER,52.0,18,0.013,2,28.7,0,0,0
HUL,51.0,11,0.064,0,28.7,0,0,0
ALO,52.0,18,0.05,2,28.7,0,0,0
SAI,52.0,21,-0.182,2,28.7,0,0,0
HAM,52.0,22,-0.211,2,28.7,0,0,0
STR,52.0,22,-0.287,2,28.7,0,0,0
RUS,52.0,21,-0.236,2,28.7,0,0,0
BOT,52.0,23,0.131,2,28.7,0,0,0
GAS,52.0,12,0.256,0,28.7,0,0,0
NOR,51.0,4,0.565,0,28.7,0,0,0
ALB,52.0,12,0.134,0,28.7,0,0,0
TSU,52.0,12,-0.116,0,28.7,0,0,0
SAR,52.0,12,-0.016,0,28.7,0,0,0
VER,53.0,17,-0.029,2,28.7,0,0,0
ZHO,52.0,20,-0.006,0,28.7,0,0,0
MAG,52.0,12,-0.194,0,28.7,0,0,0
DEV,52.0,25,-0.145,2,28.7,0,0,0
PER,53.0,19,0.283,2,28.7,0,0,0
HUL,52.0,12,0.611,0,28.7,0,0,0
ALO,53.0,19,0.0,2,28.7,0,0,0
SAI,53.0,22,0.17,2,28.7,0,0,0
HAM,53.0,23,0.185,2,28.7,0,0,0
STR,53.0,23,0.8,2,28.7,0,0,0
RUS,53.0,22,0.252,2,28.7,0,0,0
BOT,53.0,24,-0.091,2,28.7,0,0,0
GAS,53.0,13,0.088,0,28.7,0,0,0
NOR,52.0,5,0.33,0,28.7,0,0,0
ALB,53.0,13,-0.083,0,28.7,0,0,0
TSU,53.0,13,0.085,0,28.7,0,0,0
SAR,53.0,13,0.206,0,28.7,0,0,0
VER,54.0,18,-0.212,2,28.7,0,0,0
ZHO,53.0,21,-0.079,0,28.7,0,0,1
MAG,53.0,13,0.019,0,28.7,0,0,0
PER,54.0,20,-0.049,2,28.7,0,0,0
DEV,53.0,26,-1.18,2,28.7,0,0,0
HUL,53.0,13,0.15,0,28.7,0,0,0
ALO,54.0,20,0.589,2,28.7,0,0,0
SAI,54.0,23,0.034,2,28.7,0,0,0
HAM,54.0,24,0.088,2,28.7,0,0,0
STR,54.0,24,-0.782,2,28.7,0,0,0
RUS,54.0,23,0.082,2,28.7,0,0,0
BOT,54.0,25,-0.118,2,28.7,0,0,0
GAS,54.0,14,0.243,0,28.7,0,0,0
NOR,53.0,6,0.348,0,28.7,0,0,1
ALB,54.0,14,0.002,0,28.7,0,0,0
TSU,54.0,14,0.045,0,28.7,0,0,0
SAR,54.0,14,0.274,0,28.7,0,0,0
VER,55.0,19,-0.356,2,28.7,0,0,0
ZHO,54.0,22,3.333,0,28.7,0,0,0
MAG,54.0,14,1.669,0,28.7,0,0,0
PER,55.0,21,-0.204,2,28.7,0,0,0
DEV,54.0,27,-0.265,2,28.7,0,0,0
HUL,54.0,14,0.391,0,28.7,0,0,0
ALO,55.0,21,0.063,2,28.7,0,0,0
SAI,55.0,24,0.127,2,28.7,0,0,0
HAM,55.0,25,-0.121,2,28.7,0,0,0
STR,55.0,25,0.104,2,28.7,0,0,0
RUS,55.0,24,-0.063,2,28.7,0,0,0
BOT,55.0,26,0.069,2,28.7,0,0,0
GAS,55.0,15,0.337,0,28.7,0,0,0
NOR,54.0,7,3.289,0,28.7,0,0,0
ALB,55.0,15,0.023,0,28.7,0,0,0
TSU,55.0,15,0.225,0,28.7,0,0,0
SAR,55.0,15,0.38,0,28.7,0,0,0
VER,56.0,20,0.883,2,28.7,0,0,0
ZHO,55.0,1,25.706,0,28.7,0,0,0
PER,56.0,22,-0.527,2,28.7,0,0,0
MAG,55.0,15,-1.205,0,28.7,0,0,0
DEV,55.0,28,0.354,2,28.7,0,0,0
HUL,55.0,15,0.106,0,28.7,0,0,0
ALO,56.0,22,-0.189,2,28.7,0,0,0
SAI,56.0,25,0.305,2,28.7,0,0,0
HAM,56.0,26,0.156,2,28.7,0,0,0
STR,56.0,26,0.409,2,28.7,0,0,0
RUS,56.0,25,-0.224,2,28.7,0,0,0
BOT,56.0,27,0.353,2,28.7,0,0,0
GAS,56.0,16,0.286,0,28.7,0,0,0
NOR,55.0,1,25.058,0,28.7,0,0,0
ALB,56.0,16,0.356,0,28.7,0,0,0
TSU,56.0,16,0.157,0,28.7,0,0,0
SAR,56.0,16,1.31,0,28.7,0,0,0
VER,57.0,21,-0.832,2,28.7,0,0,0
PER,57.0,23,-0.007,2,28.7,0,0,0
MAG,56.0,16,0.333,0,28.7,0,0,0
DEV,56.0,29,-0.078,2,28.7,0,0,0
HUL,56.0,16,0.642,0,28.7,0,0,0
ALO,57.0,23,-0.051,2,28.7,0,0,0
ZHO,56.0,2,-33.677,0,28.7,0,0,0
SAI,57.0,26,-0.105,2,28.7,0,0,0
HAM,57.0,27,0.144,2,28.7,0,0,0
STR,57.0,27,-0.119,2,28.7,0,0,0
RUS,57.0,26,0.131,2,28.7,0,0,0
BOT,57.0,28,0.247,2,28.7,0,0,0
GAS,57.0,17,0.302,0,28.7,0,0,0
ALB,57.0,17,-0.022,0,28.7,0,0,0
TSU,57.0,17,0.144,0,28.7,0,0,0
